{"products":[{"id":"0.647057996755271","qty":1}],"totalPrice":12.990000000000009}